from,to
n0,n154
n0,n52
n52,n138
n0,n80
n80,n168
n154,n48
n48,n104
n0,n179
n80,n38
n168,n26
n168,n144
n52,n50
n168,n47
n179,n130
n48,n193
n193,n86
n86,n121
n193,n78
n38,n114
n78,n176
n26,n54
n0,n117
n176,n122
n168,n76
n117,n177
n38,n149
n176,n63
n117,n120
n176,n185
n104,n92
n48,n155
n176,n66
n155,n72
n193,n22
n54,n110
n110,n95
n38,n199
n54,n59
n48,n180
n48,n171
n54,n119
n80,n81
n180,n187
n80,n31
n130,n45
n81,n74
n110,n69
n78,n181
n50,n143
n168,n84
n180,n191
n120,n94
n72,n24
n50,n173
n76,n77
n78,n118
n181,n41
n77,n28
n118,n159
n104,n13
n177,n167
n22,n178
n74,n139
n159,n64
n185,n9
n78,n170
n180,n56
n149,n136
n13,n157
n54,n133
n69,n174
n157,n40
n176,n141
n47,n96
n185,n57
n157,n73
n119,n61
n76,n145
n73,n128
n176,n16
n86,n17
n143,n6
n94,n163
n139,n20
n92,n70
n41,n108
n178,n44
n74,n89
n193,n12
n74,n113
n139,n37
n136,n165
n113,n126
n38,n148
n31,n8
n121,n68
n174,n2
n47,n34
n72,n87
n84,n23
n41,n19
n57,n75
n24,n169
n155,n161
n77,n166
n22,n107
n121,n93
n17,n198
n94,n153
n118,n158
n74,n137
n118,n123
n161,n99
n81,n140
n38,n4
n153,n14
n149,n131
n13,n5
n118,n102
n166,n156
n89,n186
n159,n83
n193,n27
n110,n188
n20,n190
n177,n62
n119,n42
n169,n43
n45,n147
n148,n11
n44,n58
n40,n101
n157,n30
n66,n3
n66,n51
n45,n91
n179,n112
n0,n18
n5,n192
n27,n88
n84,n135
n12,n10
n149,n33
n69,n160
n41,n67
n118,n46
n10,n172
n117,n7
n133,n152
n192,n100
n84,n195
n118,n164
n88,n182
n87,n36
n165,n175
n44,n106
n120,n189
n88,n184
n67,n60
n133,n55
n91,n103
n163,n194
n12,n39
n39,n15
n199,n109
n54,n25
n81,n150
n106,n82
n51,n79
n109,n151
n130,n98
n82,n97
n185,n115
n31,n49
n161,n35
n26,n196
n118,n197
n170,n90
n91,n132
n50,n21
n112,n183
n138,n125
n15,n134
n150,n162
n138,n85
n118,n71
n149,n146
n163,n129
n146,n1
n58,n116
n55,n124
n156,n111
n115,n32
n194,n53
n140,n142
n76,n105
n142,n65
n25,n29
n48,n127
